{
	"class_name" : "PinholeCameraParameters",
	"extrinsic" : 
	[
		1.0,
		-0.0,
		-0.0,
		0.0,
		0.0,
		-1.0,
		-0.0,
		0.0,
		0.0,
		-0.0,
		-1.0,
		0.0,
		-30.500002676410524,
		1.8579855615197776,
		9.1633308321043749,
		1.0
	],
	"intrinsic" : 
	{
		"height" : 1563,
		"intrinsic_matrix" : 
		[
			1353.5977061150777,
			0.0,
			0.0,
			0.0,
			1353.5977061150777,
			0.0,
			1279.5,
			781.0,
			1.0
		],
		"width" : 2560
	},
	"version_major" : 1,
	"version_minor" : 0
}