{
	"class_name" : "PinholeCameraParameters",
	"extrinsic" : 
	[
		0.98452813902812719,
		-0.069228137018191943,
		0.16097145245913352,
		0.0,
		-0.17153847464374611,
		-0.19329357888896329,
		0.96602905964427033,
		0.0,
		-0.035761643959828122,
		-0.97869558975469317,
		-0.20217825653616642,
		0.0,
		-28.121196204302329,
		2.9716010245464339,
		-5.8575393886868632,
		1.0
	],
	"intrinsic" : 
	{
		"height" : 1536,
		"intrinsic_matrix" : 
		[
			1330.2150202128978,
			0.0,
			0.0,
			0.0,
			1330.2150202128978,
			0.0,
			1243.5,
			767.5,
			1.0
		],
		"width" : 2488
	},
	"version_major" : 1,
	"version_minor" : 0
}