{
	"class_name" : "PinholeCameraParameters",
	"extrinsic" : 
	[
		0.9654808801913185,
		0.0056712300883197744,
		0.2604121869926263,
		0.0,
		-0.25589048416824201,
		-0.16607574700518096,
		0.95233340084700058,
		0.0,
		0.048649050321048687,
		-0.98609669069820771,
		-0.15889174458386315,
		0.0,
		-26.595027858922464,
		0.76765908276627082,
		-8.1429906381699428,
		1.0
	],
	"intrinsic" : 
	{
		"height" : 1536,
		"intrinsic_matrix" : 
		[
			1330.2150202128978,
			0.0,
			0.0,
			0.0,
			1330.2150202128978,
			0.0,
			1243.5,
			767.5,
			1.0
		],
		"width" : 2488
	},
	"version_major" : 1,
	"version_minor" : 0
}